Sigla;Código;Estado;Homens 2012;Mulheres 2012;Homens 2026;Mulheres 2026;Dif Homens;Dif Mulheres;Maioria 2012;Maioria 2026;Horas Total 2022;Horas Homem;Horas Mulher;Dif Horas
AC;12;Acre;45,3;54,7;53,2;46,8;7,9;-7,9;Mulheres;Homens;13,61;10,24;16,42;6,18
AL;27;Alagoas;44,7;55,3;50,7;49,3;6,0;-6,0;Mulheres;Homens;20,22;12,74;24,98;12,24
AM;13;Amazonas;47,5;52,5;46,8;53,2;-0,7;0,7;Mulheres;Mulheres;16,81;12,53;19,74;7,21
AP;16;Amapá;48,1;51,9;51,1;48,9;3,0;-3,0;Mulheres;Homens;13,59;10,93;16,28;5,35
BA;29;Bahia;43,8;56,2;44,7;55,3;0,9;-0,9;Mulheres;Mulheres;17,85;10,77;22,89;12,13
CE;23;Ceará;51,1;48,9;52,7;47,3;1,6;-1,6;Homens;Homens;19,5;12,5;23,99;11,48
DF;53;Distrito Federal;41,0;59,0;47,9;52,1;6,9;-6,9;Mulheres;Mulheres;15,1;10,93;18,52;7,59
ES;32;Espírito Santo;46,4;53,6;47,5;52,5;1,1;-1,1;Mulheres;Mulheres;17,11;11,91;21,33;9,42
GO;52;Goiás;41,0;59,0;47,5;52,5;6,5;-6,5;Mulheres;Mulheres;15,19;10,58;19,01;8,43
MA;21;Maranhão;47,2;52,8;49,1;50,9;1,9;-1,9;Mulheres;Mulheres;16,67;11,55;20,31;8,76
MG;31;Minas Gerais;43,1;56,9;48,6;51,4;5,5;-5,5;Mulheres;Mulheres;17,5;11,47;22,63;11,16
MS;50;Mato Grosso do Sul;47,2;52,8;45,3;54,7;-1,9;1,9;Mulheres;Mulheres;15,31;10,79;19,07;8,28
MT;51;Mato Grosso;44,1;55,9;42,8;57,2;-1,3;1,3;Mulheres;Mulheres;14,24;9,37;18,24;8,87
PA;15;Pará;43,2;56,8;48,3;51,7;5,1;-5,1;Mulheres;Mulheres;16,47;11,28;20,71;9,44
PB;25;Paraíba;44,4;55,6;48,9;51,1;4,5;-4,5;Mulheres;Mulheres;18,92;12,44;23,84;11,4
PE;26;Pernambuco;43,9;56,1;48,7;51,3;4,8;-4,8;Mulheres;Mulheres;19,31;12,59;23,8;11,21
PI;22;Piauí;51,2;48,8;55,1;44,9;3,9;-3,9;Homens;Homens;17,96;11,73;22,09;10,36
PR;41;Paraná;40,3;59,7;46,3;53,7;6,0;-6,0;Mulheres;Mulheres;15,39;11,03;19,13;8,1
RJ;33;Rio de Janeiro;44,2;55,8;45,4;54,6;1,2;-1,2;Mulheres;Mulheres;16,72;12,43;20,08;7,65
RN;24;Rio Grande do Norte;51,0;49,0;48,2;51,8;-2,8;2,8;Homens;Mulheres;18,31;11,13;23,98;12,86
RO;11;Rondônia;43,4;56,6;33,0;67,0;-10,4;10,4;Mulheres;Mulheres;17,01;12,33;20,74;8,41
RR;14;Roraima;41,8;58,2;43,4;56,6;1,6;-1,6;Mulheres;Mulheres;13,64;10,65;16,35;5,7
RS;43;Rio Grande do Sul;42,8;57,2;47,4;52,6;4,6;-4,6;Mulheres;Mulheres;15,36;11,41;18,99;7,57
SC;42;Santa Catarina;42,7;57,3;44,6;55,4;1,9;-1,9;Mulheres;Mulheres;16,04;11,93;19,53;7,6
SE;28;Sergipe;46,5;53,5;40,3;59,7;-6,2;6,2;Mulheres;Mulheres;18,83;11,05;23,69;12,64
SP;35;São Paulo;45,4;54,6;46,2;53,8;0,8;-0,8;Mulheres;Mulheres;17,07;12,18;21,27;9,09
TO;17;Tocantins;55,3;44,7;46,2;53,8;-9,1;9,1;Homens;Mulheres;15,82;11,21;19,65;8,44
